{
  "uid": "ea87cc5e-0df0-4164-b0cd-ef726dac3bc8",
  "name": "RetailIndoor",
  "output_lla": false,
  "map": "/media/tmp.png",
  "cameras": [
    {
      "uid": "Cam1",
      "name": "Cam1",
      "intrinsics": {
        "fx": 570,
        "fy": 570,
        "cx": 320,
        "cy": 240
      },
      "transform_type": "euler",
      "transforms": [
        33.33188353589766,
        34.12141507229177,
        3.3331330179226653,
        -169.43977751555636,
        -55.33151977758142,
        -77.22856709885565,
        1,
        1,
        1
      ],
      "translation": [
        33.33188353589766,
        34.12141507229177,
        3.3331330179226653
      ],
      "rotation": [
        -169.43977751555633,
        -55.33151977758143,
        -77.22856709885568
      ],
      "scale": [
        1,
        1,
        1
      ],
      "resolution": [
        640,
        480
      ],
      "scene": "ea87cc5e-0df0-4164-b0cd-ef726dac3bc8"
    },
    {
      "uid": "Cam2",
      "name": "Cam2",
      "intrinsics": {
        "fx": 570,
        "fy": 570,
        "cx": 320,
        "cy": 240
      },
      "transform_type": "euler",
      "transforms": [
        46.20266037651505,
        38.349202116938855,
        3.3331330179226653,
        124.49042682414863,
        9.067017765269256,
        173.82068194743556,
        1,
        1,
        1
      ],
      "translation": [
        46.20266037651505,
        38.349202116938855,
        3.3331330179226653
      ],
      "rotation": [
        124.49042682414863,
        9.067017765269261,
        173.82068194743553
      ],
      "scale": [
        0.9999999999999999,
        1,
        0.9999999999999999
      ],
      "resolution": [
        640,
        480
      ],
      "scene": "ea87cc5e-0df0-4164-b0cd-ef726dac3bc8"
    },
    {
      "uid": "Cam3",
      "name": "Cam3",
      "intrinsics": {
        "fx": 570,
        "fy": 570,
        "cx": 320,
        "cy": 240
      },
      "transform_type": "euler",
      "transforms": [
        55.38648569769407,
        25.38138409196185,
        3.3331330179226653,
        -179.11054809424343,
        55.995347876168374,
        88.92711004466265,
        1,
        1,
        1
      ],
      "translation": [
        55.38648569769407,
        25.38138409196185,
        3.3331330179226653
      ],
      "rotation": [
        -179.1105480942434,
        55.99534787616837,
        88.92711004466268
      ],
      "scale": [
        1.0000000000000002,
        1.0000000000000002,
        1
      ],
      "resolution": [
        640,
        480
      ],
      "scene": "ea87cc5e-0df0-4164-b0cd-ef726dac3bc8"
    },
    {
      "uid": "Cam4",
      "name": "Cam4",
      "intrinsics": {
        "fx": 570,
        "fy": 570,
        "cx": 320,
        "cy": 240
      },
      "transform_type": "euler",
      "transforms": [
        54.51680910477461,
        14.029721479185206,
        3.3331330179226653,
        158.02033868406556,
        52.91332754355047,
        116.83740607154557,
        1,
        1,
        1
      ],
      "translation": [
        54.51680910477461,
        14.029721479185206,
        3.3331330179226653
      ],
      "rotation": [
        158.02033868406556,
        52.91332754355047,
        116.83740607154557
      ],
      "scale": [
        0.9999999999999998,
        0.9999999999999999,
        0.9999999999999998
      ],
      "resolution": [
        640,
        480
      ],
      "scene": "ea87cc5e-0df0-4164-b0cd-ef726dac3bc8"
    },
    {
      "uid": "Cam0",
      "name": "Cam0",
      "intrinsics": {
        "fx": 570,
        "fy": 570,
        "cx": 320,
        "cy": 240
      },
      "transform_type": "euler",
      "transforms": [
        35.2889792555914,
        16.14484541087729,
        3.3331330179226653,
        -178.7202641898414,
        -55.990362671910916,
        -88.45629893924614,
        1,
        1,
        1
      ],
      "translation": [
        35.2889792555914,
        16.14484541087729,
        3.3331330179226653
      ],
      "rotation": [
        -178.7202641898414,
        -55.99036267191091,
        -88.45629893924615
      ],
      "scale": [
        1.0000000000000002,
        1,
        1
      ],
      "resolution": [
        640,
        480
      ],
      "scene": "ea87cc5e-0df0-4164-b0cd-ef726dac3bc8"
    }
  ],
  "mesh_translation": [
    0,
    0,
    0
  ],
  "mesh_rotation": [
    0,
    0,
    0
  ],
  "mesh_scale": [
    1,
    1,
    1
  ],
  "scale": 16,
  "regulated_rate": 30,
  "external_update_rate": 30,
  "camera_calibration": "Manual",
  "apriltag_size": 0.162,
  "number_of_localizations": 50,
  "global_feature": "netvlad",
  "local_feature": {
    "sift": {}
  },
  "matcher": {
    "NN-ratio": {}
  },
  "minimum_number_of_matches": 20,
  "inlier_threshold": 0.5
}